{"cameraMode":{"drawMode":0,"name":"Shaded","section":"Shading Mode"},"sceneLighting":true,"audioPlay":false,"sceneViewState":{"m_AlwaysRefresh":false,"showFog":true,"showSkybox":true,"showFlares":true,"showImageEffects":true,"showParticleSystems":true,"showVisualEffectGraphs":true,"m_FxEnabled":true},"in2DMode":false,"pivot":{"x":2.573753595352173,"y":-0.6169700026512146,"z":5.5496745109558109},"rotation":{"x":0.1350260078907013,"y":0.13842840492725373,"z":-0.019337179139256479,"w":0.9810879230499268},"size":4.977785110473633,"orthographic":false}